Team number, Team name                                                  , Epa   , Auto EPA, Teleop EPA, Energized, Supercharged, Transition, First Shift, Second Shift, Endgame, Win Rate, Wins, Losses
       9483, Overcharge                                                 , 261.31,    57.28,     150.79,    0.7513, 0.6357      , 14.95     ,       75.03,        60.81,   53.31,   0.8636,   38,      6
        254, The Cheesy Poofs                                           , 328.11,    78.45,     169.91,    0.7068, 0.8564      , 27.28     ,       70.36,        72.27,   79.91,   0.9155,   65,      6
       4414, HighTide                                                   , 356.94,    75.05,     195.92,    0.8134, 1.0766      , 36.42     ,       82.07,        77.44,   87.57,   0.9722,   70,      2
         27, Team RUSH                                                  , 295.14,    73.95,     154.57,    0.7885, 0.927       , 25.21     ,       66.76,        62.61,   66.29,   0.9326,   83,      6
       1114, Simbotics                                                  , 287.57,    73.13,     140.52,    0.6833, 0.6517      , 19.14     ,       70.71,        50.67,   73.5 ,   0.8986,   62,      7
       2056, OP Robotics                                                , 302.17,    83.88,     168.99,    0.801 , 0.9293      , 33.24     ,       75.92,        59.83,   49.6 ,   0.863 ,   63,     10
       1323, MadTown Robotics                                           , 309.97,    73.82,     169.55,    0.8192, 1.0563      , 27.9      ,       77.82,        63.84,   67.96,   0.9452,   69,      4
       2046, Bear Metal                                                 , 259.87,    56.56,     136.48,    0.7716, 0.6886      , 21.86     ,       56.82,        57.79,   67.04,   0.8298,   78,     16
       2481, Roboteers                                                  , 285.04,    62.63,     152.81,    0.644 , 0.8117      , 26.5      ,       70.9 ,        55.41,   69.51,   0.8462,   44,      8
       7769, The CREW                                                   , 311.64,    67.75,     175.35,    0.8017, 0.7833      , 26.91     ,       88.16,        60.29,   68.25,   0.9333,   70,      5
        125, NUTRONs                                                    , 281.55,    54.17,     161.2 ,    0.7434, 0.713       , 21.6      ,       70.08,        69.51,   66.17,   0.7965,   68,     17
       9128, ITKAN Robotics                                             , 264.79,    57.76,     141.32,    0.7317, 0.7412      , 17.14     ,       66.83,        57.36,   65.74,   0.8955,   60,      7
       5687, The Outliers                                               , 282.7 ,    73.98,     155.12,    0.8504, 0.7579      , 28.0      ,       72.45,        54.67,   53.56,   0.8333,   62,     12
       1678, Citrus Circuits                                            , 278.15,    59.62,     147.3 ,    0.833 , 0.6863      , 17.6      ,       63.65,        66.06,   70.63,   0.8714,   61,      9
       3467, Windham Windup                                             , 266.45,    48.41,     150.88,    0.7257, 0.7882      , 21.13     ,       65.15,        64.59,   67.04,   0.8824,   75,     10
       6369, Mercenary Robotics                                         , 273.77,    59.01,     150.08,    0.8789, 0.643       , 27.13     ,       63.16,        59.79,   64.88,   0.8953,   77,      9
       4946, The Alpha Dogs                                             , 214.74,    56.82,     113.84,    0.5276, 0.5793      , 20.98     ,       48.95,        43.9 ,   43.95,   0.8378,   62,     12
       6329, The Bucks' Wrath                                           , 260.04,    58.72,     141.73,    0.5534, 0.8248      , 29.52     ,       58.55,        53.67,   59.7 ,   0.7987,   61,     15
       9470, Ctrl-Alt-Defeat                                            , 278.91,    61.41,     148.13,    0.6529, 0.794       , 17.74     ,       74.03,        56.35,   68.25,   0.8219,   60,     13
       1796, RoboTigers                                                 , 263.33,    54.24,     153.31,    0.7395, 0.6085      , 20.84     ,       73.67,        58.79,   55.83,   0.8727,   48,      7
        694, StuyPulse                                                  , 228.77,    42.46,     132.9 ,    0.6222, 0.32        , 15.57     ,       63.5 ,        53.83,   53.07,   0.7797,   46,     13
       1833, Team BEAN                                                  , 233.76,    59.06,     126.27,    0.7353, 0.6221      , 21.37     ,       56.2 ,        48.7 ,   48.68,   0.8824,   60,      8
        498, The Cobra Commanders                                       , 242.86,    63.71,     139.11,    0.5801, 0.4185      , 29.66     ,       64.38,        45.06,   39.31,   0.8298,   39,      8
       9496, LYNK                                                       , 253.57,    61.95,     137.54,    0.9321, 0.5104      , 18.47     ,       62.07,        57.0 ,   54.28,   0.8434,   70,     13
       6459, AG Robotik                                                 , 206.45,    33.58,     126.06,    0.7209, 0.1213      , 15.73     ,       53.96,        56.37,   47.0 ,   0.7111,   32,     13
       1987, Broncobots                                                 , 259.05,    49.3 ,     161.0 ,    0.6989, 0.665       , 20.13     ,       75.45,        65.43,   48.92,   0.9   ,   54,      6
       7558, ALT-F4                                                     , 278.87,    54.46,     158.98,    0.7571, 0.5571      , 19.04     ,       74.16,        65.77,   65.89,   0.75  ,   51,     17
        359, Hawaiian Kids                                              , 233.36,    38.68,     138.37,    0.7415, 0.3189      , 13.71     ,       66.57,        58.1 ,   54.98,   0.8625,   69,     11
        316, LUNATECS                                                   , 213.68,    55.98,      97.96,    0.8052, 0.2936      , 13.64     ,       43.61,        40.71,   60.58,   0.8939,   59,      7
       3476, Code Orange                                                , 211.99,    54.18,     114.22,    0.5615, 0.3743      , 20.8      ,       50.94,        42.48,   43.07,   0.8571,   54,      9
       5460, Strike Zone                                                , 251.8 ,    65.24,     137.41,    0.6404, 0.4852      , 21.72     ,       63.41,        52.28,   49.14,   0.8382,   57,     11
       6328, Mechanical Advantage                                       , 203.81,    59.15,     107.35,    0.5596, 0.4042      , 21.77     ,       51.62,        33.96,   37.4 ,   0.7969,   51,     13
       2702, Rebels                                                     , 227.23,    39.86,     138.12,    0.5907, 0.4278      , 19.1      ,       70.4 ,        48.62,   49.65,   0.7143,   35,     14
       5736, Kingsmen Robotics                                          , 222.46,    60.87,     111.95,    0.5831, 0.3353      , 15.49     ,       57.2 ,        39.27,   50.03,   0.7368,   28,     10
       4476, W.A.F.F.L.E.S.                                             , 218.99,    34.06,     122.9 ,    0.5202, 0.4763      , 5.14      ,       59.82,        57.95,   61.89,   0.6923,   45,     20
       1156, Under Control                                              , 197.83,    39.96,     112.57,    0.5609, 0.0733      , 14.54     ,       62.08,        35.95,   45.32,   0.8   ,   48,     12
       8044, Denham Venom                                               , 256.51,    57.29,     133.09,    0.6465, 0.5848      , 15.24     ,       70.0 ,        47.85,   66.12,   0.8475,   50,      9
       7426, PAIR OF DICE ROBOTICS                                      , 204.79,    37.78,     106.3 ,    0.5785, 0.3311      , 5.55      ,       53.98,        46.76,   60.73,   0.7931,   46,     12
        180, S.P.A.M.                                                   , 196.87,    54.19,     104.1 ,    0.6285, 0.134       , 10.52     ,       56.94,        36.64,   38.82,   0.7717,   35,     10
       1325, Inverse Paradox                                            , 245.67,    46.38,     133.94,    0.6695, 0.6438      , 15.15     ,       61.38,        57.42,   64.67,   0.6747,   56,     27
      10340, ITKAN Girls                                                , 177.88,    41.65,     101.66,    0.4466, 0.3425      , 14.15     ,       44.93,        42.58,   35.27,   0.7761,   52,     15
       6800, Valor                                                      , 267.57,    55.89,     145.0 ,    0.7871, 0.7047      , 18.44     ,       70.86,        55.69,   67.41,   0.8611,   62,     10
       5940, BREAD                                                      , 202.07,    42.18,      94.68,    0.6816, 0.3978      , 8.84      ,       39.24,        46.6 ,   65.55,   0.8143,   57,     13
       4678, CyberCavs                                                  , 224.37,    46.72,     115.45,    0.5272, 0.4802      , 14.14     ,       49.03,        52.28,   62.13,   0.7231,   47,     18
       4522, Team SCREAM                                                , 241.76,    64.03,     118.55,    0.654 , 0.3879      , 10.81     ,       59.67,        48.07,   59.34,   0.7966,   47,     12
       1768, Nashoba Robotics                                           , 258.69,    42.22,     140.62,    0.8552, 0.6124      , 22.59     ,       59.01,        59.02,   75.85,   0.8046,   70,     17
       1706, Ratchet Rockers                                            , 256.0 ,    47.57,     151.22,    0.7256, 0.2629      , 15.68     ,       75.78,        59.76,   56.77,   0.9574,   45,      2
       2910, Jack in the Bot                                            , 281.78,    49.01,     152.6 ,    0.6153, 0.5788      , 19.6      ,       59.89,        73.11,   80.16,   0.6974,   53,     23
        581, Blazing Bulldogs                                           , 251.25,    56.6 ,     126.54,    0.686 , 0.5444      , 19.95     ,       51.07,        55.52,   68.51,   0.7121,   47,     19
       5468, Chaos Theory                                               , 188.42,    31.58,     103.99,    0.5276, 0.2252      , 7.66      ,       52.2 ,        44.13,   51.94,   0.8065,   50,     12
       4499, The Highlanders                                            , 230.05,    52.48,     119.83,    0.7282, 0.1716      , 15.95     ,       60.23,        43.65,   58.39,   0.8462,   55,     10
       1771, North Gwinnett Robotics                                    , 186.88,    49.73,     106.43,    0.6939, 0.1904      , 15.07     ,       54.58,        36.78,   29.82,   0.7969,   51,     13
       2122, Team Tators                                                , 227.46,    55.0 ,     115.17,    0.7667, 0.2419      , 14.3      ,       48.83,        52.04,   56.91,   0.8279,   50,     10
       6002, ZooBOTix                                                   , 212.84,    48.11,     108.16,    0.6876, 0.3789      , 10.98     ,       46.81,        50.36,   56.71,   0.7326,   63,     23
       6090, Wayland Wildcats                                           , 208.64,    47.33,      97.72,    0.5069, 0.4128      , 13.02     ,       45.53,        39.17,   63.56,   0.7727,   51,     15
       4028, The Beak Squad                                             , 203.93,    43.11,     108.28,    0.4712, 0.4171      , 12.36     ,       51.43,        44.49,   52.48,   0.7381,   31,     11
        195, CyberKnights                                               , 205.96,    43.09,     119.11,    0.4623, 0.4838      , 13.1      ,       58.47,        47.54,   44.19,   0.6791,   45,     21
       5000, HAMMERHEADS                                                , 235.76,    46.01,     128.39,    0.6616, 0.4795      , 14.75     ,       59.24,        54.4 ,   61.49,   0.6406,   41,     23
       2767, Stryke Force                                               , 186.21,    49.75,      99.13,    0.5964, 0.4655      , 9.44      ,       47.12,        42.58,   37.73,   0.8209,   55,     12
       1918, Newaygo County GEARS                                       , 204.02,    33.79,     121.83,    0.7313, 0.5882      , 12.91     ,       54.45,        54.46,   49.6 ,   0.7755,   38,     11
       4237, Team Lance-A-Bot                                           , 202.59,    39.99,     121.33,    0.6093, 0.3931      , 16.3      ,       56.95,        48.07,   41.0 ,   0.7647,   52,     16
       3015, Ranger Robotics                                            , 205.35,    35.61,     116.17,    0.6351, 0.1905      , 14.14     ,       55.42,        46.61,   53.82,   0.7963,   43,     11
        604, Quixilver                                                  , 222.44,    43.19,     123.81,    0.6434, 0.4272      , 5.47      ,       63.68,        54.67,   55.38,   0.746 ,   47,     16
       1241, THEORY6                                                    , 228.64,    43.13,     121.0 ,    0.6082, 0.4728      , 19.12     ,       52.48,        49.39,   64.91,   0.7721,   52,     15
       3045, Gear Gremlins                                              , 213.71,    48.43,     114.2 ,    0.6028, 0.3997      , 18.66     ,       51.89,        43.65,   51.15,   0.6825,   43,     20
       8214, Cyber Unicorn                                              , 217.05,    57.92,     111.58,    0.4541, 0.4137      , 11.08     ,       52.57,        47.93,   47.16,   0.6667,   16,      8
        695, Bison Robotics                                             , 215.94,    44.53,     114.11,    0.7343, 0.1634      , 15.23     ,       55.25,        43.63,   57.49,   0.6984,   44,     19
       4635, PrepaTec - Botbusters                                      , 178.74,    42.68,      97.1 ,    0.5478, 0.1642      , 16.41     ,       51.81,        28.89,   38.16,   0.8889,   48,      6
       2905, Sultans of Turkiye                                         , 184.33,    37.22,     107.91,    0.5794, 0.0025      , 11.23     ,       51.98,        44.7 ,   38.9 ,   0.7442,   32,     11
       3006, Red Rock Robotics                                          , 175.67,    38.9 ,      95.34,    0.3237, 0.128       , 12.57     ,       46.98,        35.79,   41.3 ,   0.7619,   32,     10
       5813, Morpheus                                                   , 204.9 ,    32.71,     122.97,    0.6809, 0.2771      , 18.23     ,       54.2 ,        50.53,   49.58,   0.6694,   41,     20
        118, Robonauts                                                  , 182.35,    28.22,     101.34,    0.6662, 0.2542      , 13.66     ,       45.79,        41.88,   46.06,   0.8939,  118,     14
       1538, The Holy Cows                                              , 140.04,    32.03,      73.53,    0.3495, 0.1711      , 6.86      ,       33.46,        33.2 ,   34.16,   0.6393,   39,     22
       7520, Team MineKee                                               , 178.34,    25.51,     104.86,    0.3946, 0.2046      , 8.51      ,       46.5 ,        49.85,   46.45,   0.5833,   35,     25
        610, Crescent Coyotes                                           , 196.02,    35.85,     109.95,    0.6367, 0.2675      , 10.31     ,       44.94,        54.7 ,   50.02,   0.6923,   45,     20
        955, Ctrl C                                                     , 157.43,    39.86,      80.51,    0.3924, 0.1947      , 6.95      ,       43.73,        29.84,   36.55,   0.6641,   42,     21
       2067, Apple Pi                                                   , 164.09,    42.37,      89.34,    0.4712, 0.1168      , 15.14     ,       43.05,        31.14,   32.24,   0.6833,   41,     19
        238, Crusaders                                                  , 189.7 ,    28.5 ,     107.3 ,    0.4545, 0.385       , 8.44      ,       50.84,        48.03,   54.21,   0.7656,   49,     15
       7457, suPURDUEper Robotics                                       , 213.65,    52.59,     122.12,    0.5677, 0.4521      , 16.47     ,       54.78,        50.88,   38.76,   0.8193,   68,     15
       4469, R.A.I.D. (Raider Artificial Intelligence Division)         , 219.06,    33.11,     123.03,    0.4914, 0.3871      , 15.24     ,       56.56,        51.23,   62.49,   0.661 ,   39,     20
        449, The Blair Robot Project                                    , 191.85,    42.44,     105.23,    0.6468, 0.4938      , 14.33     ,       51.2 ,        39.7 ,   44.07,   0.7656,   49,     15
       2137, The Oxford RoboCats                                        , 171.42,    45.98,      78.86,    0.6572, 0.3139      , -1.67     ,       44.86,        35.67,   46.86,   0.75  ,   48,     16
       9785, Alectrona                                                  , 230.67,    36.77,     138.17,    0.633 , 0.4244      , 19.39     ,       62.37,        56.41,   56.02,   0.7465,   53,     18
       9068, The Chargers                                               , 182.3 ,    30.17,     102.27,    0.5484, 0.3086      , 10.58     ,       43.8 ,        47.89,   50.36,   0.6957,   32,     14
        841, The BioMechs                                               , 190.52,    23.18,     105.55,    0.6332, 0.338       , 5.69      ,       47.46,        52.41,   61.95,   0.5957,   28,     19
       5895, Peddie Robotics                                            , 197.36,    44.57,     107.38,    0.3835, 0.3673      , 13.2      ,       53.21,        40.97,   45.41,   0.725 ,   43,     16
       6036, Peninsula Robotics                                         , 195.78,    38.59,     111.58,    0.6833, 0.3219      , 18.96     ,       44.68,        47.94,   45.44,   0.7077,   46,     19
       4698, Raider Robotics                                            , 202.51,    48.78,     104.85,    0.5974, 0.2549      , 9.56      ,       53.43,        41.87,   48.04,   0.5902,   36,     25
       6647, PrepaTec - VOLTEC                                          , 193.51,    40.07,     107.27,    0.4379, 0.3643      , 13.26     ,       49.28,        44.73,   46.36,   0.678 ,   40,     19
      10131, Royal Turtles                                              , 199.85,    31.07,     115.73,    0.593 , 0.3088      , 15.13     ,       49.12,        51.48,   53.0 ,   0.7347,   36,     13
        973, Greybots                                                   , 229.34,    39.39,     131.25,    0.5856, 0.4686      , 18.34     ,       62.08,        50.82,   59.08,   0.6818,   45,     21
        599, The Robodox                                                , 192.81,    38.81,     112.41,    0.5729, 0.5194      , 10.11     ,       59.76,        42.53,   41.73,   0.6949,   41,     18
       9609, Paraducks                                                  , 173.77,    44.25,      90.43,    0.5477, 0.0031      , 0.15      ,       49.18,        41.1 ,   39.52,   0.7708,   37,     11
       2106, The Junkyard Dogs                                          , 198.48,    43.03,     117.05,    0.6836, 0.3524      , 11.28     ,       52.47,        53.3 ,   37.66,   0.7857,   49,     13
       1540, Flaming Chickens                                           , 206.9 ,    41.65,     112.58,    0.667 , 0.4581      , 10.07     ,       50.25,        52.26,   52.77,   0.756 ,   63,     20
       4400, Cerbotics - Peñoles                                        , 208.63,    32.28,     117.8 ,    0.752 , 0.1413      , 7.94      ,       56.18,        53.69,   58.57,   0.814 ,   35,      8
        133, B.E.R.T.                                                   , 185.47,    41.0 ,     110.84,    0.634 , 0.3653      , 12.27     ,       57.13,        41.43,   33.47,   0.6667,   34,     17
       7407, Wired Boars                                                , 171.19,    37.02,      79.76,    0.5788, 0.3523      , 4.23      ,       43.77,        31.76,   54.72,   0.6571,   46,     24
       2877, LigerBots                                                  , 179.51,    37.3 ,     101.86,    0.3628, 0.1673      , -0.16     ,       51.16,        50.85,   40.38,   0.6721,   41,     20
       3414, Hackbots                                                   , 182.99,    41.77,     100.29,    0.5814, 0.3493      , 12.42     ,       47.83,        40.03,   41.18,   0.7143,   45,     18
       9023, Future Martians                                            , 215.77,    35.79,     128.11,    0.5441, 0.4542      , 11.03     ,       60.97,        56.11,   51.87,   0.7215,   57,     22
       5660, Symmetrical Chaos                                          , 181.33,    33.7 ,      99.57,    0.6975, 0.1862      , 5.09      ,       49.99,        44.49,   48.6 ,   0.6471,   33,     18
       3539, Byting Bulldogs                                            , 112.89,    28.85,      59.6 ,    0.28  , -0.0037     , 5.07      ,       26.44,        28.09,   18.55,   0.7069,   41,     17
       5026, Iron Panthers                                              , 190.28,    44.79,     104.75,    0.4333, 0.4923      , 15.01     ,       54.23,        35.51,   40.98,   0.6032,   38,     25
       3256, WarriorBorgs                                               , 194.26,    49.61,     104.06,    0.4515, 0.5221      , 4.53      ,       54.93,        44.6 ,   40.54,   0.6364,   42,     24
       1002, CircuitRunners Robotics                                    , 190.39,    49.57,     105.14,    0.4296, 0.1436      , 14.3      ,       54.23,        36.61,   35.86,   0.7319,   50,     18
        341, Miss Daisy                                                 , 194.29,    35.48,     117.69,    0.6914, 0.2598      , 4.48      ,       57.56,        55.64,   40.59,   0.8525,   52,      9
       2539, Krypton Cougars                                            , 195.34,    41.85,     101.43,    0.5721, 0.3153      , 6.84      ,       48.15,        46.43,   51.54,   0.6797,   43,     20
       9032, RoboWhales                                                 , 183.57,    32.56,     108.28,    0.5943, 0.2692      , 8.58      ,       51.32,        48.37,   43.46,   0.8281,   53,     11
        176, Aces High                                                  , 199.18,    51.73,     108.99,    0.5741, 0.2858      , 14.17     ,       49.82,        44.99,   38.11,   0.7656,   49,     15
       4481, Team Rembrandts                                            , 213.97,    38.72,     131.59,    0.6048, 0.1164      , 21.38     ,       60.79,        49.42,   43.79,   0.7115,   37,     15
       1732, Hilltopper Robotics                                        , 213.39,    46.4 ,     115.96,    0.6491, 0.3207      , 16.45     ,       48.89,        50.63,   50.75,   0.8015,   54,     13
        360, The Revolution                                             , 185.82,    27.25,     112.44,    0.5673, 0.3135      , 10.71     ,       54.02,        47.71,   45.24,   0.6667,   40,     20
       5907, CC Shambots                                                , 224.67,    33.16,     123.9 ,    0.5714, 0.547       , 14.93     ,       54.19,        54.78,   67.31,   0.7164,   48,     19
       7166, Red Thunder Robotics                                       , 183.67,    44.49,      89.77,    0.6314, 0.2755      , 13.15     ,       39.36,        37.26,   49.98,   0.7857,   55,     15
       3683, Team DAVE                                                  , 177.67,    30.15,     107.6 ,    0.6773, 0.2641      , 7.71      ,       52.11,        47.77,   39.71,   0.6935,   43,     19
       3128, The Aluminum Narwhals                                      , 191.1 ,    37.62,     103.29,    0.4218, 0.1475      , 10.99     ,       48.7 ,        43.59,   49.61,   0.7656,   49,     15
         88, TJ²                                                        , 156.56,    36.17,      78.28,    0.4053, 0.2186      , 9.47      ,       37.07,        31.73,   41.95,   0.5902,   36,     25
       4391, BraveBots                                                  , 180.6 ,    31.56,      94.85,    0.5831, 0.2519      , 12.86     ,       41.8 ,        40.19,   54.42,   0.7656,   49,     15
       1868, Space Cookies                                              , 197.01,    47.72,      98.66,    0.4591, 0.3907      , 7.1       ,       47.34,        44.22,   50.73,   0.5085,   30,     29
       2813, Gear Heads                                                 , 198.21,    43.58,      98.83,    0.3493, 0.2364      , 9.86      ,       48.24,        40.73,   56.04,   0.6333,   38,     22
       2200, BCR Blackout                                               , 191.36,    55.31,     102.79,    0.4856, 0.1843      , 20.57     ,       48.15,        34.07,   34.84,   0.6567,   44,     23
        870, TEAM  R. I. C. E.                                          , 193.3 ,    48.52,      98.55,    0.5385, 0.1565      , 10.01     ,       45.1 ,        43.44,   46.71,   0.7317,   30,     11
         33, Killer Bees                                                , 185.68,    28.97,      97.76,    0.5392, 0.2409      , 5.71      ,       46.61,        45.44,   58.99,   0.7097,   44,     18
       5406, Celt-X                                                     , 196.46,    34.64,     119.86,    0.5549, 0.2904      , 17.99     ,       48.17,        53.71,   42.27,   0.75  ,   45,     15
       3538, RoboJackets                                                , 200.29,    39.16,     115.04,    0.522 , 0.3566      , 16.82     ,       52.95,        45.28,   46.85,   0.7571,   53,     17
       8513, Sisters 1st                                                , 210.26,    53.24,     113.57,    0.5976, 0.4002      , 19.84     ,       56.33,        37.4 ,   43.17,   0.7937,   50,     13
       2992, The S.S. Prometheus                                        , 181.33,    36.63,      98.7 ,    0.4748, 0.0865      , 11.99     ,       37.94,        48.77,   46.29,   0.6383,   30,     17
       2338, Gear It Forward                                            , 160.5 ,    31.28,      86.1 ,    0.3187, 0.1204      , 10.52     ,       41.2 ,        34.38,   43.19,   0.6829,   28,     13
       9072, TigerBots                                                  , 185.99,    32.69,     103.28,    0.5101, 0.1757      , 11.79     ,       42.56,        48.94,   50.25,   0.7429,   52,     18
       4362, Gems                                                       , 161.53,    29.93,      99.6 ,    0.348 , 0.2708      , 6.98      ,       58.8 ,        33.82,   32.09,   0.7097,   44,     18
       5847, Ironclad                                                   , 149.26,    37.69,      77.16,    0.3507, -0.0218     , 10.38     ,       36.19,        30.58,   34.59,   0.7045,   31,     13
       2468, Team Appreciate                                            , 215.01,    41.89,     114.63,    0.8485, 0.1938      , 10.35     ,       57.66,        46.62,   58.15,   0.7846,   51,     14
         67, The HOT Team                                               , 202.98,    43.76,     111.54,    0.5023, 0.3493      , 14.77     ,       52.01,        44.75,   44.96,   0.7308,   47,     17
       2935, NACI Robotics                                              , 170.04,    31.34,      93.43,    0.5774, 0.1187      , 10.01     ,       44.32,        39.1 ,   45.7 ,   0.6042,   29,     19
        148, Robowranglers                                              , 182.92,    31.04,      99.8 ,    0.5449, 0.1389      , 7.23      ,       51.24,        41.33,   52.28,   0.7879,   52,     14
       4403, PrepaTec - ROULT - Peñoles                                 , 152.37,    32.8 ,      86.31,    0.3804, -0.0784     , 10.34     ,       37.43,        38.54,   33.67,   0.7143,   30,     12
        972, Iron Claw                                                  , 136.59,    21.37,      73.3 ,    0.2565, 0.2675      , 4.07      ,       29.87,        39.36,   42.04,   0.7   ,   42,     18
      10254, Regal Seagulls                                             , 189.31,    30.22,     114.33,    0.5446, 0.2206      , 10.19     ,       48.68,        55.47,   44.54,   0.65  ,   39,     21
       7220, Steel Falcons                                              , 185.9 ,    43.55,     104.55,    0.4104, 0.3064      , 9.88      ,       55.32,        39.34,   37.79,   0.6667,   44,     22
        571, Paragon Robotics                                           , 164.4 ,    28.81,      92.8 ,    0.4209, 0.1415      , 10.78     ,       41.52,        40.5 ,   41.59,   0.7018,   40,     17
       7539, Elev8                                                      , 133.45,    27.16,      70.0 ,    0.4543, -0.1041     , 6.76      ,       36.5 ,        26.73,   35.66,   0.7609,   35,     11
       1073, The Force Team                                             , 139.54,    29.02,      61.75,    0.5357, 0.1514      , 2.12      ,       27.2 ,        32.42,   48.36,   0.5789,   33,     24
       1701, Robocubs                                                   , 185.33,    39.29,     106.65,    0.5797, 0.2548      , 7.01      ,       62.01,        37.63,   39.6 ,   0.7324,   52,     19
        111, WildStang                                                  , 169.77,    27.72,      99.0 ,    0.4022, -0.0291     , 8.71      ,       47.07,        43.22,   42.93,   0.6667,   30,     15
       4020, Cyber Tribe                                                , 171.86,    40.08,      91.89,    0.4502, 0.0039      , 8.21      ,       44.61,        39.06,   39.99,   0.7   ,   28,     12
       1360, Orbit Robotics                                             , 167.08,    25.53,      91.61,    0.5545, 0.1476      , 4.49      ,       44.97,        42.15,   50.51,   0.6275,   32,     19
       2848, Rangers                                                    , 143.36,    20.92,      79.69,    0.3928, 0.0166      , 2.19      ,       38.28,        39.21,   42.85,   0.7538,   49,     16
       9098, FireHawks                                                  , 166.73,    28.08,      93.61,    0.4703, 0.3822      , 7.87      ,       45.93,        39.81,   44.56,   0.6458,   31,     17
       2102, Team Paradox                                               , 140.74,    19.45,      73.15,    0.3424, 0.0803      , 2.33      ,       36.64,        34.18,   48.15,   0.6379,   37,     21
        484, Roboforce                                                  , 190.03,    38.27,     103.19,    0.7046, 0.3305      , 15.31     ,       42.15,        45.73,   49.07,   0.7097,   44,     18
       4646, Wildcard Robotics                                          , 196.88,    38.76,     102.16,    0.5971, -0.0483     , 9.65      ,       42.88,        49.63,   55.44,   0.7143,   30,     12
       9408, Warren Warbots                                             , 185.02,    42.01,      97.41,    0.6056, 0.2317      , 13.4      ,       46.79,        37.22,   45.25,   0.8333,   50,     10
        294, Beach Cities Robotics                                      , 156.15,    31.05,      88.92,    0.3223, 0.245       , 11.22     ,       42.03,        35.67,   35.24,   0.7288,   43,     16
       1699, Robocats                                                   , 165.04,    22.59,     100.77,    0.5962, 0.1936      , 12.15     ,       47.73,        40.89,   41.76,   0.62  ,   31,     19
       2337, EngiNERDs                                                  , 169.56,    35.88,      91.87,    0.5543, 0.3126      , 1.8       ,       48.47,        41.6 ,   42.39,   0.8378,   62,     12
      11415, Storm Surge                                                , 164.06,    21.35,      93.85,    0.5655, 0.2405      , 8.89      ,       44.27,        40.69,   48.87,   0.5778,   26,     19
       1306, BadgerBOTS                                                 , 160.42,    19.66,     103.36,    0.2288, 0.1171      , 5.16      ,       58.08,        40.12,   38.11,   0.7541,   46,     15
       2783, Engineers of Tomorrow                                      , 147.72,    26.89,      89.87,    0.4996, -0.1708     , 14.27     ,       43.1 ,        32.5 ,   29.68,   0.7561,   31,     10
       3255, SuperNURDs                                                 , 202.25,    40.47,     105.29,    0.6146, 0.1724      , 8.95      ,       47.07,        49.28,   56.22,   0.6167,   37,     23
        846, The Funky Monkeys                                          , 162.57,    35.89,      81.06,    0.4257, 0.192       , 3.64      ,       45.56,        31.86,   45.89,   0.6667,   42,     21
        503, Frog Force                                                 , 177.09,    30.74,     101.07,    0.5808, 0.2035      , 9.17      ,       52.04,        39.86,   44.11,   0.6456,   51,     28
       2073, EagleForce                                                 , 168.75,    23.31,      88.86,    0.4103, 0.1779      , 7.56      ,       43.8 ,        37.49,   56.89,   0.5887,   36,     25
        836, The RoboBees                                               , 170.99,    35.67,      94.87,    0.5135, 0.1501      , 12.37     ,       44.15,        38.34,   40.69,   0.8116,   56,     13
       2659, RoboWarriors                                               , 169.14,    23.39,     100.59,    0.4648, 0.305       , 18.33     ,       42.01,        40.25,   45.03,   0.6333,   38,     22
        166, Chop Shop                                                  , 147.39,    35.71,      83.38,    0.4835, 0.0697      , 11.74     ,       39.12,        32.52,   28.68,   0.6094,   39,     25
       2996, Cougars Gone Wired                                         , 163.96,    34.62,      88.52,    0.5327, 0.2464      , 7.84      ,       44.51,        36.17,   36.83,   0.6429,   27,     15
       3937, Breakaway                                                  , 183.35,    35.54,      96.34,    0.5754, -0.0323     , 9.6       ,       40.19,        46.55,   51.29,   0.5909,   26,     18
       1388, Eagle Robotics                                             , 158.87,    25.14,      89.32,    0.5168, 0.2299      , 6.73      ,       36.5 ,        46.09,   44.85,   0.5435,   25,     21
       4611, OZone                                                      , 155.02,    33.79,      81.65,    0.5659, 0.0438      , 5.93      ,       35.6 ,        40.12,   39.64,   0.6829,   28,     13
       4272, Maverick Robotics                                          , 142.03,    27.63,      75.98,    0.5081, 0.0787      , 13.36     ,       35.03,        27.59,   38.87,   0.7213,   44,     17
       1391, The Metal Moose                                            , 165.05,    30.6 ,     102.07,    0.3872, 0.0951      , 14.44     ,       40.34,        47.29,   32.9 ,   0.6897,   40,     18
       5584, ICRobotics                                                 , 157.88,    21.83,     101.0 ,    0.6348, -0.1158     , 18.32     ,       42.42,        40.27,   35.33,   1.0   ,   15,      0
       5193, Pantheon                                                   , 211.99,    48.88,     112.26,    0.7101, 0.4083      , 10.67     ,       56.12,        45.47,   50.84,   0.7727,   51,     15
       2052, KnightKrawler                                              , 184.74,    38.31,      94.46,    0.7173, 0.0615      , 14.89     ,       45.76,        33.81,   51.72,   0.8   ,   36,      9
       2851, Crevolution                                                , 148.51,    25.78,      86.48,    0.4186, 0.1727      , 9.18      ,       46.06,        31.24,   36.35,   0.6667,   40,     20
       1986, Team Titanium                                              , 171.78,    39.93,      96.31,    0.5102, 0.1037      , 6.86      ,       45.33,        44.13,   35.02,   0.7727,   34,     10
       3197, HexHounds                                                  , 183.1 ,    31.59,     105.93,    0.4395, 0.082       , 12.26     ,       51.94,        41.73,   44.5 ,   0.6742,   44,     21
        190, Gompei and the HERD                                        , 175.81,    32.98,      92.85,    0.5146, 0.266       , 3.57      ,       48.31,        40.98,   50.16,   0.75  ,   78,     26
        131, CHAOS                                                      , 140.81,    24.4 ,      68.11,    0.3727, 0.2208      , 2.54      ,       31.23,        34.34,   48.4 ,   0.4561,   26,     31
       4206, Robo Vikes                                                 , 157.89,    27.76,      94.36,    0.2983, 0.3002      , 8.26      ,       50.13,        35.97,   36.47,   0.6267,   47,     28
       2847, The MegaHertz                                              , 111.65,    18.44,      72.01,    0.459 , -0.2031     , 9.33      ,       33.14,        29.54,   21.3 ,   0.6591,   29,     15
        103, Cybersonics                                                , 176.7 ,    16.44,      91.16,    0.5421, 0.2138      , 3.04      ,       41.95,        46.16,   68.64,   0.7167,   42,     16
       6989, KAISER                                                     , 120.7 ,    24.72,      64.87,    0.2502, -0.2452     , 5.82      ,       35.11,        23.94,   30.69,   0.6458,   31,     17
       4728, ROCORI Robotics                                            , 116.03,    13.14,      62.99,    0.3231, -0.0526     , 2.15      ,       24.94,        35.9 ,   39.66,   0.55  ,   22,     18
       2713, Red Hawk Robotics                                          , 150.79,    19.93,     100.24,    0.34  , 0.0641      , 8.73      ,       47.77,        43.74,   31.23,   0.5847,   34,     24
       2240, Brute Force                                                , 153.31,    35.83,      84.94,    0.5241, 0.0777      , 14.73     ,       41.91,        28.3 ,   32.92,   0.6   ,   15,     10
        948, NRG (Newport Robotics Group)                               , 196.85,    42.43,     106.97,    0.4782, 0.3703      , 11.26     ,       55.13,        40.58,   47.6 ,   0.6875,   44,     20
      11216, FLAZIA ROBOTICS                                            , 153.16,    24.75,      93.21,    0.6019, 0.1622      , 13.12     ,       45.55,        34.54,   35.77,   0.6552,   19,     10
        108, SigmaC@T Robotics Team                                     , 153.57,    32.58,      88.92,    0.5893, 0.0457      , 11.37     ,       40.66,        36.89,   31.52,   0.7   ,   21,      9
       4089, Stealth Robotics                                           , 202.76,    41.02,     109.7 ,    0.4996, 0.2996      , 8.97      ,       49.11,        51.61,   51.4 ,   0.6719,   43,     21
       6152, Robo-Falcons                                               , 153.74,    20.01,      93.6 ,    0.3638, 0.3343      , 6.19      ,       40.17,        47.24,   40.14,   0.5254,   31,     28
       1403, Team 1403 Cougar Robotics                                  , 134.86,    33.92,      66.95,    0.5361, 0.094       , 8.0       ,       31.09,        27.86,   34.21,   0.6897,   40,     18
       6324, The Blue Devils                                            , 170.49,    27.08,      95.66,    0.478 , 0.2428      , 6.65      ,       40.9 ,        48.11,   47.81,   0.6716,   45,     22
        236, Techno-Ticks                                               , 152.17,    31.84,      75.65,    0.531 , 0.1419      , 11.36     ,       35.08,        29.21,   43.89,   0.6863,   35,     16
          8, Paly Robotics                                              , 168.21,    35.98,      94.73,    0.4992, 0.1764      , 15.4      ,       43.87,        35.46,   38.18,   0.7586,   44,     14
       3656, Dexter Dreadbots                                           , 163.29,    35.75,      94.31,    0.5591, 0.0304      , 12.82     ,       50.55,        30.95,   31.96,   0.6066,   37,     24
       6773, Max Throttle Mavericks                                     , 143.38,    30.53,      79.82,    0.4312, -0.0726     , 2.81      ,       37.47,        39.53,   33.59,   0.6   ,   36,     24
       4915, Spartronics                                                , 156.32,    28.25,      89.95,    0.32  , 0.2314      , 10.8      ,       39.64,        39.51,   38.65,   0.6618,   45,     23
       8749, Farmersville  Robotics                                     , 191.47,    42.09,      99.91,    0.3838, 0.2897      , 12.86     ,       47.31,        39.74,   49.01,   0.5873,   37,     26
        201, The FEDS                                                   , 164.42,    30.81,      87.25,    0.5783, 0.072       , 6.51      ,       44.65,        36.08,   46.41,   0.5726,   35,     26
       2582, PantherBots                                                , 144.44,    23.9 ,      76.38,    0.3655, 0.0711      , 6.51      ,       29.09,        40.78,   43.91,   0.6491,   37,     20
       1058, PVC Pirates                                                , 152.21,    42.41,      83.03,    0.4147, 0.0891      , 9.87      ,       36.03,        37.12,   27.24,   0.6102,   36,     23
       8159, Golden Horn                                                , 184.46,    44.22,      96.43,    0.5123, 0.0928      , 10.52     ,       47.39,        38.52,   43.89,   0.7   ,   28,     12
       4201, The Vitruvian Bots                                         , 132.78,    20.27,      68.73,    0.3917, 0.1913      , 4.31      ,       30.1 ,        34.32,   44.03,   0.6667,   40,     20
       2252, The Mavericks                                              , 129.7 ,    18.86,      75.99,    0.4341, -0.0989     , 11.79     ,       29.45,        34.76,   35.44,   0.5405,   20,     17
       3161, Tronic Titans                                              , 148.97,    28.83,      82.79,    0.3522, 0.1862      , 8.48      ,       39.88,        34.42,   38.63,   0.7083,   34,     14
       1189, Gearheads                                                  , 167.11,    37.83,      92.84,    0.4174, 0.3182      , 7.59      ,       49.29,        35.96,   35.52,   0.6316,   36,     21
       4143, MARS/WARS                                                  , 170.0 ,    44.04,      95.26,    0.6326, -0.0646     , 18.93     ,       41.31,        35.02,   31.01,   0.8   ,   40,     10
       1710, The Ravonics Revolution                                    , 169.68,    39.62,      98.68,    0.5257, 0.1719      , 8.97      ,       52.43,        37.29,   31.37,   0.5952,   25,     17
       1425, Error Code Xero                                            , 147.91,    23.91,      89.4 ,    0.5324, 0.1611      , 5.94      ,       46.22,        37.24,   33.54,   0.6735,   33,     16
        494, Martians                                                   , 163.51,    25.4 ,      89.87,    0.5251, 0.2435      , 4.55      ,       46.86,        38.46,   49.27,   0.6207,   36,     22
         59, RamTech                                                    , 133.95,    33.99,      73.5 ,    0.3237, -0.0018     , 11.05     ,       31.29,        31.16,   26.33,   0.7027,   26,     11
       5712, Hemlock's Gray Matter                                      , 118.63,    23.94,      59.16,    0.2972, 0.1812      , 2.28      ,       29.88,        26.99,   35.52,   0.6875,   44,     20
       4065, Nerds of Prey                                              , 113.89,    16.04,      64.16,    0.3702, -0.1065     , 2.4       ,       25.7 ,        36.06,   27.25,   0.6061,   40,     26
       7415, Jaguar Robotics Sponsored By Feit Electric                 , 176.55,    49.53,      93.46,    0.429 , 0.3675      , 6.98      ,       50.54,        35.94,   33.63,   0.7424,   49,     17
       5066, Singularity                                                , 133.68,    31.89,      74.34,    0.2729, -0.008      , 13.86     ,       34.43,        26.04,   27.24,   0.5333,   32,     28
       2522, Royal Robotics                                             , 116.05,    35.83,      43.45,    0.2097, -0.2116     , 1.85      ,       13.29,        28.31,   32.5 ,   0.6667,   40,     20
      10021, Guerin Catholic Golden Gears                               , 195.91,    36.86,     102.75,    0.5746, 0.1929      , 5.18      ,       55.17,        42.39,   55.91,   0.6957,   48,     21
        340, G.R.R. (Greater Rochester Robotics)                        , 172.54,    39.3 ,      96.89,    0.6169, -0.0335     , 14.96     ,       48.55,        33.39,   36.27,   0.775 ,   31,      9
       5114, Titanium Tigers                                            , 145.98,    39.32,      83.91,    0.6346, 0.1417      , 11.36     ,       38.47,        34.08,   22.74,   0.7647,   39,     12
        619, Cavalier Robotics                                          , 111.25,    17.01,      62.33,    0.308 , 0.0514      , 8.48      ,       29.46,        24.38,   31.56,   0.6271,   37,     22
       1498, The Polar Pilots                                           , 156.08,    32.73,      80.8 ,    0.532 , 0.1706      , 5.03      ,       36.8 ,        38.97,   42.29,   0.6667,   40,     20
       1787, The Flying Circuits                                        , 164.09,    42.43,      83.7 ,    0.3817, 0.14        , 10.29     ,       36.25,        37.17,   37.68,   0.7   ,   28,     12
       4322, Clockwork                                                  , 164.95,    41.61,      86.84,    0.4787, 0.1611      , 12.41     ,       39.82,        34.62,   36.77,   0.5703,   36,     27
       8608, Alpha Bots                                                 , 187.2 ,    32.9 ,     107.84,    0.6284, 0.4128      , 17.04     ,       54.94,        35.87,   45.95,   0.7619,   48,     15
       4099, The Falcons                                                , 140.55,    33.54,      71.93,    0.3663, 0.0934      , 0.15      ,       30.32,        41.46,   35.75,   0.7213,   44,     17
         68, Truck Town Thunder                                         , 158.77,    31.74,      84.38,    0.3667, 0.1963      , 12.04     ,       39.7 ,        32.64,   42.54,   0.6102,   36,     23
       1756, Argos                                                      , 155.0 ,    27.8 ,      91.4 ,    0.337 , 0.0719      , 10.16     ,       39.19,        42.05,   36.01,   0.6531,   32,     17
       5937, MI Robotics                                                , 149.3 ,    29.76,      83.88,    0.3605, 0.0113      , 12.13     ,       36.66,        35.09,   35.3 ,   0.6066,   37,     24
       2054, Tech Vikes                                                 , 157.03,    26.98,      90.45,    0.3773, 0.1954      , 6.95      ,       41.04,        42.46,   39.62,   0.6102,   36,     23
       1296, Full Metal Jackets                                         , 194.56,    38.76,     101.12,    0.5885, 0.2021      , 3.31      ,       49.47,        48.33,   53.94,   0.6557,   40,     21
       6995, NOMAD                                                      , 144.76,    28.98,      80.5 ,    0.6797, 0.1399      , 7.69      ,       33.84,        38.97,   35.72,   0.62  ,   31,     19
       3847, Spectrum   -△◅                                             , 157.59,    29.09,      94.99,    0.5257, 0.1802      , 13.09     ,       47.88,        34.03,   34.24,   0.5909,   39,     27
       1908, ShoreBots                                                  , 136.44,    15.88,      77.92,    0.2446, -0.0602     , 7.16      ,       35.56,        35.2 ,   43.25,   0.6393,   39,     22
       2974, Walton Robotics                                            , 147.29,    30.66,      74.0 ,    0.4037, -0.0271     , 8.03      ,       36.21,        29.76,   42.66,   0.75  ,   45,     15
       4027, Centre Punch                                               , 114.87,    19.74,      53.05,    0.3356, -0.0659     , 2.56      ,       29.4 ,        21.09,   40.26,   0.5135,   19,     18
       2383, Ninjineers                                                 , 146.25,    26.47,      75.36,    0.3271, -0.0662     , 8.44      ,       36.66,        30.27,   43.22,   0.641 ,   25,     14
       1731, Fresta Valley Robotics Club                                , 114.93,    20.48,      58.91,    0.2352, 0.0596      , 3.51      ,       28.18,        27.22,   35.73,   0.6557,   40,     21
       4451, ROBOTZ Garage                                              , 147.19,    18.42,      79.05,    0.4357, -0.2023     , 7.23      ,       36.96,        34.86,   50.13,   0.7969,   51,     13
       5338, RoboLoCo                                                   , 120.13,    18.83,      56.17,    0.3973, 0.0226      , 4.59      ,       18.11,        33.46,   45.29,   0.6094,   39,     25
       8046, LakerBots                                                  , 174.45,    28.58,     102.08,    0.4312, 0.1806      , 12.61     ,       45.87,        43.6 ,   44.17,   0.569 ,   33,     25
       8517, Bounty Hunters                                             , 143.4 ,    28.16,      79.03,    0.5548, 0.061       , 6.36      ,       42.24,        30.43,   36.13,   0.66  ,   33,     17
        687, The Nerd Herd                                              , 167.79,    37.01,      91.22,    0.2803, 0.1971      , 16.0      ,       45.68,        29.54,   39.62,   0.6641,   42,     21
        469, Las Guerrillas                                             , 163.75,    33.79,      85.97,    0.3897, 0.2807      , 12.23     ,       41.18,        32.56,   43.36,   0.6774,   42,     20
       8725, MistyPanther                                               , 117.79,    27.7 ,      71.72,    0.4604, -0.0831     , 7.04      ,       42.61,        22.07,   18.28,   0.8   ,   36,      9
        422, The Mech Tech Dragons                                      , 137.87,    28.48,      78.81,    0.2585, 0.0487      , 11.32     ,       37.25,        30.24,   30.77,   0.6935,   43,     19
       3478, PrepaTec - LamBot                                          , 173.94,    39.33,      98.82,    0.5777, 0.0662      , 5.9       ,       51.4 ,        41.52,   35.81,   0.6829,   28,     13
       3512, Spartatroniks                                              , 153.59,    17.78,      84.93,    0.3631, 0.2324      , 7.93      ,       43.52,        33.48,   50.26,   0.6071,   34,     22
       3928, Team Neutrino                                              , 147.45,    31.76,      79.05,    0.3801, -0.1147     , 5.88      ,       38.53,        34.64,   36.57,   0.619 ,   26,     16
       4174, Mustang Robotics                                           , 187.31,    34.49,      99.49,    0.6416, -0.1665     , 13.89     ,       44.35,        41.24,   53.75,   0.7561,   31,     10
       9401, Midas' Mayhem                                              , 171.47,    34.98,      95.75,    0.4793, 0.0249      , 9.79      ,       49.09,        36.87,   41.04,   0.7143,   30,     12
       2370, IBOTS                                                      , 151.88,    33.79,      84.78,    0.4585, 0.1699      , 9.65      ,       35.69,        39.44,   33.38,   0.6271,   37,     22
       4039, MakeShift Robotics                                         , 141.06,    22.41,      81.08,    0.5296, 0.023       , 5.76      ,       36.96,        38.35,   37.3 ,   0.6809,   32,     15
       3641, The Flying Toasters                                        , 179.6 ,    39.3 ,      89.31,    0.4219, 0.168       , 9.44      ,       42.96,        36.91,   51.02,   0.6308,   41,     24
       4096, Ctrl-Z                                                     , 126.43,    27.19,      70.33,    0.4126, 0.0785      , 4.6       ,       40.02,        25.71,   29.05,   0.6458,   31,     17
       6696, Cardinal Dynamics                                          , 131.07,    25.59,      76.23,    0.2885, 0.217       , 9.07      ,       38.22,        28.94,   29.75,   0.7   ,   42,     18
       9084, Octobots                                                   , 133.5 ,    16.22,      78.38,    0.3041, 0.069       , 5.46      ,       29.38,        43.54,   39.49,   0.5614,   32,     25
        272, Cyber Crusaders                                            , 146.43,    28.42,      87.87,    0.4894, 0.0609      , 6.17      ,       45.68,        36.02,   29.33,   0.6833,   41,     19
       3674, CloverBots                                                 , 140.29,    29.03,      79.05,    0.6177, 0.0837      , 11.01     ,       32.56,        35.48,   32.46,   0.6042,   29,     19
       3620, Average Joes                                               , 173.76,    25.98,      99.33,    0.5133, 0.1769      , 8.26      ,       47.99,        43.08,   49.11,   0.6842,   39,     18
       1259, Paradigm Shift                                             , 121.12,    15.39,      64.44,    0.2696, 0.011       , 6.31      ,       31.49,        26.64,   40.9 ,   0.6833,   41,     19
        346, RoboHawks                                                  , 176.75,    30.0 ,     105.75,    0.5001, 0.1794      , 7.1       ,       45.09,        53.56,   41.48,   0.6721,   41,     20
       4421, FORGE Robotics                                             , 155.77,    26.4 ,      93.22,    0.3569, -0.0485     , 12.21     ,       45.52,        35.48,   36.26,   0.625 ,   25,     15
       1792, Round Table Robotics                                       , 148.49,    37.02,      74.27,    0.4997, 0.0535      , 5.68      ,       42.69,        25.9 ,   37.57,   0.6765,   46,     22
       7183, W.A.R.                                                     , 161.02,    20.61,      99.98,    0.4719, 0.0036      , 7.03      ,       50.42,        42.53,   41.12,   0.6667,   26,     13
       1922, Oz-Ram                                                     , 181.99,    24.72,     102.12,    0.5607, 0.1991      , 0.64      ,       45.47,        56.01,   55.22,   0.5738,   35,     26
       6045, Sabre Robotics                                             , 135.74,    15.41,      76.37,    0.4472, -0.2239     , -0.72     ,       39.92,        37.18,   43.95,   0.7632,   29,      9
       4655, Stateline Robotics                                         , 146.59,    31.28,      88.64,    0.3187, -0.0036     , 15.78     ,       41.54,        31.32,   26.51,   0.7317,   30,     11
       9094, The Earthquakers                                           , 137.45,    26.08,      70.78,    0.4105, 0.0869      , 7.23      ,       31.3 ,        32.26,   40.85,   0.7302,   46,     17
       2881, Lady Cans                                                  , 124.16,    29.43,      68.01,    0.3367, 0.0156      , 9.16      ,       29.35,        29.5 ,   26.04,   0.6607,   37,     19
       4907, Thunderstamps                                              , 127.36,    40.02,      46.13,    0.1194, -0.1886     , 4.31      ,       25.94,        15.88,   19.21,   0.5254,   31,     28
       4189, Chargers                                                   , 125.73,    28.13,      65.25,    0.2652, -0.0616     , 8.65      ,       29.29,        27.31,   30.46,   0.6583,   39,     20
        865, WARP7                                                      , 138.87,    34.3 ,      75.55,    0.5143, 0.0754      , 5.82      ,       36.78,        32.95,   28.29,   0.4419,   19,     24
       2194, Fondy Fire                                                 , 161.57,    38.03,      91.94,    0.4767, 0.0451      , 12.05     ,       40.71,        39.19,   32.74,   0.6667,   40,     20
       4069, Lo-Ellen Robotics                                          , 137.8 ,    17.59,      83.34,    0.5299, 0.1056      , 11.94     ,       39.22,        32.18,   36.95,   0.5957,   28,     19
       3181, Pittsford Panthers                                         , 159.75,    34.98,      90.22,    0.3948, -0.1094     , 7.86      ,       44.52,        37.85,   34.51,   0.625 ,   25,     15
       6907, The G.O.A.T                                                , 133.13,    34.88,      70.45,    0.42  , 0.0079      , 8.95      ,       37.31,        24.19,   28.33,   0.7297,   27,     10
       3501, Firebots                                                   , 159.05,    20.77,      88.26,    0.466 , 0.3558      , 8.88      ,       40.01,        39.36,   50.22,   0.5614,   32,     25
         70, More Martians                                              , 120.55,    25.86,      61.79,    0.1043, 0.0742      , 6.23      ,       29.48,        26.08,   33.1 ,   0.5893,   33,     23
       6919, The Commodores                                             , 150.05,    23.68,      78.74,    0.5097, 0.057       , 2.85      ,       38.22,        37.67,   46.64,   0.7231,   47,     18
        117, Steel Dragons                                              , 194.88,    28.66,     115.72,    0.5435, 0.1764      , 14.04     ,       51.42,        50.26,   51.18,   0.6053,   23,     15
       4512, Otter Chaos                                                , 135.97,    18.65,      83.16,    0.5969, 0.1226      , 7.21      ,       35.99,        39.96,   34.32,   0.5116,   22,     21
       2583, Orange Dynamite                                            , 137.5 ,    36.44,      67.12,    0.3673, 0.0321      , 7.35      ,       30.52,        29.24,   33.99,   0.6333,   38,     22
       3005, RoboChargers                                               , 127.59,    28.75,      68.49,    0.4712, 0.0054      , 0.81      ,       33.52,        34.16,   30.09,   0.5833,   35,     25
       7632, An Kang Robotics Maker                                     , 126.64,    19.45,      70.67,    0.3922, -0.035      , 2.62      ,       38.08,        29.97,   36.74,   0.6667,   32,     16
       4593, Rapid Acceleration                                         , 150.3 ,    26.77,      87.99,    0.4848, -0.1375     , 6.08      ,       41.12,        40.79,   36.16,   0.5946,   22,     15
       1501, Team THRUST                                                , 118.71,    41.46,      63.95,    0.2244, -0.0196     , 8.22      ,       36.9 ,        18.84,    9.24,   0.75  ,   45,     15
       9572, CC Shambytes                                               , 158.71,    30.11,      77.68,    0.5274, 0.0278      , 7.63      ,       38.45,        31.61,   51.87,   0.5763,   34,     25
       5199, Robot Dolphins From Outer Space                            , 171.73,    33.03,      91.11,    0.3588, 0.3488      , 14.57     ,       40.22,        36.33,   47.97,   0.7419,   46,     16
       6985, ENKA TECH                                                  , 117.35,    30.32,      64.09,    0.2555, -0.0433     , 3.15      ,       33.56,        27.38,   23.06,   0.5294,   18,     16
       1778, Chill Out                                                  , 134.09,    22.92,      77.3 ,    0.4655, 0.0252      , 13.07     ,       31.57,        32.66,   34.72,   0.5682,   25,     19
       4909, Bionics                                                    , 134.5 ,    22.23,      71.76,    0.7087, 0.2779      , 8.72      ,       34.02,        29.02,   39.24,   0.66  ,   66,     34
       1218, SCH Robotics                                               , 123.78,    25.99,      68.13,    0.5386, -0.0611     , 2.53      ,       33.82,        31.77,   29.81,   0.6724,   39,     19
       9757, Mecha Marauders                                            , 109.17,    17.82,      60.24,    0.3003, -0.1188     , 1.49      ,       27.02,        31.72,   31.69,   0.6333,   38,     22
         78, AIR STRIKE                                                 , 134.5 ,    30.43,      68.33,    0.5699, -0.0289     , 4.04      ,       34.05,        30.23,   35.51,   0.4889,   22,     23
       3257, Vortechs                                                   , 133.66,    40.13,      60.43,    0.3535, 0.2349      , 8.08      ,       25.08,        27.27,   33.25,   0.5652,   26,     20
       2491, NoMythic                                                   , 176.73,    31.68,      89.87,    0.4836, 0.038       , 1.87      ,       43.74,        44.27,   55.69,   0.7556,   34,     11
       5675, WiredCats                                                  , 133.57,    26.66,      71.95,    0.4839, 0.24        , 8.85      ,       34.4 ,        28.7 ,   34.47,   0.5102,   25,     24
       8612, Calvin Christian Robotics                                  , 129.96,    31.98,      79.22,    0.35  , 0.071       , 6.91      ,       36.48,        35.83,   16.17,   0.6724,   39,     19
       9406, TechJunior                                                 , 133.68,    29.84,      79.6 ,    0.7369, -0.1746     , 7.48      ,       35.71,        36.41,   24.08,   0.6842,   26,     12
       6017, PrepaTec - Cyberius                                        , 140.18,    26.19,      82.16,    0.4985, -0.0894     , 9.29      ,       37.15,        35.72,   31.41,   0.6596,   31,     16
       8595, This Is How We Play                                        , 151.76,    31.95,      86.58,    0.4847, 0.1394      , 7.5       ,       44.75,        34.34,   33.04,   0.6944,   25,     11
       1024, Kil-A-Bytes                                                , 142.16,    31.47,      70.57,    0.2778, -0.1129     , 3.98      ,       32.79,        33.8 ,   38.85,   0.6774,   42,     20
       6672, Fusion Corps                                               , 132.11,    21.58,      81.75,    0.2221, 0.1185      , 10.08     ,       37.14,        34.53,   30.49,   0.4222,   19,     26
       5086, Cadillac Connectors                                        , 137.89,    22.41,      71.8 ,    0.572 , 0.1794      , 1.16      ,       33.75,        36.89,   44.01,   0.6316,   36,     21
       2611, Jacktown Vectors                                           , 132.35,    22.79,      73.52,    0.625 , 0.2006      , 3.75      ,       35.75,        34.02,   35.76,   0.5682,   25,     19
       5809, The Jesubots 5809                                          , 131.87,    23.45,      76.46,    0.5021, -0.0671     , 14.36     ,       34.51,        27.59,   31.65,   0.6296,   17,     10
       5507, Robotic Eagles                                             , 131.41,    21.5 ,      81.59,    0.4935, 0.0329      , 11.63     ,       33.52,        36.44,   28.49,   0.6818,   30,     14
        548, Robostangs                                                 , 138.16,    19.63,      74.19,    0.3956, 0.0209      , 3.13      ,       38.66,        32.4 ,   44.72,   0.5574,   34,     27
       1629, Garrett Coalition (GaCo)                                   , 101.53,    22.26,      48.7 ,    0.1608, -0.1064     , 1.66      ,       16.89,        30.15,   30.29,   0.5893,   33,     23
       2638, Rebel Robotics                                             , 120.92,    36.44,      59.01,    0.1982, -0.2711     , 5.71      ,       25.2 ,        28.1 ,   25.68,   0.6   ,   24,     16
       4795, Eastbots                                                   , 130.54,    22.93,      68.24,    0.245 , -0.1317     , 6.38      ,       40.03,        21.83,   39.42,   0.8438,   54,     10
       7915, Ripon Robotics                                             , 122.73,    17.78,      64.77,    0.2854, -0.1422     , 1.46      ,       24.09,        39.21,   40.21,   0.6356,   37,     21
       3940, CyberTooth                                                 , 130.17,    29.05,      69.56,    0.5557, 0.0038      , 4.24      ,       38.06,        27.26,   32.07,   0.6667,   34,     17
       6766, AtomStorm                                                  , 111.51,    22.2 ,      54.55,    0.217 , -0.2051     , 4.05      ,       26.76,        23.74,   34.63,   0.4615,   18,     21
       9025, Mechameleons                                               , 130.34,    26.53,      68.56,    0.5525, -0.1787     , 3.51      ,       36.61,        28.43,   35.06,   0.6053,   23,     15
       6436, PARS ROBOTICS                                              , 144.96,    28.62,      75.07,    0.3957, 0.1193      , 2.41      ,       38.19,        34.47,   41.82,   0.6667,   28,     14
       1690, Orbit                                                      , 295.43,    67.45,     165.92,    0.6202, 0.4209      , 28.68     ,       77.88,        59.36,   62.19,   0.8   ,   16,      4
        686, Bovine Intervention                                        , 144.56,    35.09,      77.34,    0.402 , 0.1961      , 8.67      ,       39.71,        28.96,   32.19,   0.6885,   42,     19
       1619, Up-A-Creek Robotics                                        , 159.13,    40.89,      77.57,    0.4967, 0.0599      , 9.76      ,       36.6 ,        31.22,   40.83,   0.5952,   25,     17
       6941, IronPulse Robotics                                         , 158.94,    31.83,      84.99,    0.3872, 0.1222      , 4.0       ,       42.11,        38.88,   43.29,   0.6829,   28,     13
       4087, Voodoo Voltage                                             , 110.38,    29.41,      56.22,    0.2292, -0.0474     , 2.89      ,       32.45,        20.87,   23.83,   0.5676,   21,     16
       8048, East Palo Alto ChurroBots                                  , 129.29,    27.88,      72.79,    0.649 , -0.0389     , 12.0      ,       34.53,        26.26,   28.83,   0.587 ,   27,     19
       9245, Laker Dreadnoughts                                         , 143.17,    33.15,      66.95,    0.5268, 0.0204      , 6.01      ,       31.85,        29.09,   43.57,   0.5932,   35,     24
       8373, The Flying Octopi                                          , 156.55,    21.15,      86.76,    0.4443, 0.3177      , 7.3       ,       33.2 ,        46.26,   48.17,   0.5818,   32,     23
      10213, BALTA                                                      , 141.62,    21.9 ,      85.4 ,    0.6132, -0.1707     , 11.32     ,       40.05,        34.03,   34.58,   0.7727,   34,     10
        233, The Pink Team                                              , 100.65,    16.45,      49.11,    0.3984, -0.2868     , -1.14     ,       22.4 ,        27.85,   34.73,   0.6571,   23,     12
       2960, Automation Nation                                          , 167.01,    31.47,      99.69,    0.4556, 0.1648      , 8.21      ,       52.08,        39.41,   36.22,   0.614 ,   35,     22
       3990, Tech for Kids                                              , 105.13,    31.39,      50.23,    0.2402, -0.1239     , 3.08      ,       23.68,        23.47,   23.48,   0.549 ,   28,     23
       4561, TerrorBytes                                                , 145.87,    31.45,      86.23,    0.4833, -0.0694     , 8.54      ,       45.41,        32.28,   28.63,   0.7302,   46,     17
       1153, Timberwolves                                               , 127.51,    21.27,      71.83,    0.434 , 0.0853      , 6.43      ,       35.55,        29.85,   34.68,   0.5208,   25,     23
       1108, Panther Robotics                                           , 120.98,    22.93,      56.85,    0.4329, -0.0444     , 3.17      ,       25.47,        28.21,   40.68,   0.5946,   22,     15
       1086, Blue Cheese                                                , 127.62,    25.07,      70.78,    0.4101, 0.0073      , 1.98      ,       37.66,        31.14,   31.75,   0.6087,   28,     18
       5948, PrepaTec - Lebotics                                        , 123.77,    19.53,      74.35,    0.4097, -0.0889     , 3.49      ,       37.38,        33.49,   30.05,   0.7778,   21,      6
       9430, CTEC Robotics                                              , 127.67,    28.19,      72.14,    0.49  , 0.1894      , 8.4       ,       33.21,        30.53,   27.92,   0.4651,   20,     23
      11141, AlphaZ                                                     , 125.97,    27.07,      71.4 ,    0.1836, -0.041      , 4.81      ,       41.66,        24.93,   27.26,   0.561 ,   23,     18
       2590, Nemesis                                                    , 138.39,    36.87,      67.23,    0.2638, 0.036       , 11.91     ,       33.82,        21.5 ,   34.82,   0.5738,   35,     26
       1720, PhyXTGears                                                 , 118.52,    26.87,      65.26,    0.1145, 0.0237      , 11.14     ,       28.49,        25.62,   25.9 ,   0.5636,   31,     24
       3276, TOOLCATS                                                   , 154.06,    36.59,      87.54,    0.5872, -0.0337     , 4.6       ,       42.97,        39.97,   30.42,   0.625 ,   25,     15
       5474, Clairemonster                                              , 126.2 ,    22.04,      70.28,    0.415 , 0.2172      , 7.77      ,       32.68,        29.83,   33.88,   0.6136,   27,     17
      10349, Pontiac Firebirds                                          , 115.6 ,    17.83,      70.66,    0.0476, 0.063       , 8.37      ,       32.01,        30.28,   26.52,   0.5439,   31,     26
       9597, Luban Robotics                                             , 161.35,    34.28,      89.58,    0.3672, -0.0951     , 4.22      ,       42.24,        43.12,   37.5 ,   0.5652,   13,     10
        461, Westside Boiler Invasion                                   , 126.22,    17.86,      68.8 ,    0.523 , 0.0574      , 5.23      ,       29.51,        34.06,   38.96,   0.5652,   26,     20
        179, Children of the Swamp                                      , 146.46,    28.75,      76.58,    0.4612, -0.0154     , 3.33      ,       32.67,        40.58,   41.8 ,   0.6744,   29,     14
       1727, REX                                                        , 104.02,    18.44,      54.65,    0.0545, -0.079      , 2.63      ,       25.24,        26.77,   30.83,   0.5246,   32,     29
       7419, TECH Support                                               , 125.55,    23.78,      71.24,    0.4838, 0.2027      , 3.8       ,       32.92,        34.52,   30.48,   0.5556,   25,     20
       1481, The Riveters                                               , 125.18,    23.2 ,      71.61,    0.5899, 0.2128      , 4.0       ,       36.21,        31.39,   30.61,   0.4565,   21,     25
       5010, Tiger Dynasty                                              , 131.76,    25.18,      66.99,    0.1237, 0.0119      , 1.65      ,       30.56,        34.78,   39.73,   0.5625,   36,     28
        401, Copperhead Robotics                                        , 140.01,    30.55,      75.38,    0.2064, 0.1163      , 8.28      ,       32.87,        34.23,   33.76,   0.5385,   35,     30
        761, TechPUPS                                                   , 134.53,    32.95,      72.27,    0.2179, -0.0771     , 9.65      ,       41.11,        21.51,   29.58,   0.6066,   37,     24
         11, MORT                                                       , 141.6 ,    21.58,      79.14,    0.4793, -0.0456     , 8.18      ,       37.76,        33.19,   41.05,   0.6364,   42,     24
       2714, ♨️ BBQ ♨️                                                    , 124.42,    21.94,      64.21,    0.3453, -0.0552     , 6.93      ,       25.39,        31.88,   38.27,   0.5435,   25,     21
       3875, Red Storm Robotics                                         , 124.9 ,    14.33,      69.21,    0.3817, 0.1665      , 6.25      ,       30.44,        32.53,   39.88,   0.6364,   28,     16
       3035, Droid Rage                                                 , 153.82,    28.65,      79.24,    0.4312, 0.1354      , 7.7       ,       33.98,        37.57,   46.02,   0.6949,   41,     18
       3100, The Lightning Turtles                                      , 124.16,    18.02,      71.55,    0.3266, -0.135      , 7.13      ,       29.41,        35.02,   35.12,   0.6585,   27,     14
       2728, ♨️ TACO ♨️                                                   , 124.56,    25.16,      63.97,    0.4112, 0.0615      , 2.43      ,       29.67,        31.87,   36.32,   0.5532,   26,     21
       8267, Riptide Robotics 8267                                      , 168.53,    27.71,      97.76,    0.3216, -0.0082     , 5.95      ,       47.58,        44.23,   43.03,   0.575 ,   23,     17
       7028, Binary Battalion                                           , 169.0 ,    50.67,      87.61,    0.2928, 0.0314      , 15.54     ,       34.13,        37.94,   30.98,   0.7619,   32,     10
       2040, DERT - Dunlap Eagles Robotics Team                         , 124.39,    16.61,      66.72,    0.3389, -0.2131     , 8.58      ,       27.86,        30.28,   40.58,   0.6739,   31,     15
       5104, BreakerBots                                                , 123.18,    18.14,      69.94,    0.5022, 0.0929      , 8.62      ,       25.57,        35.75,   35.18,   0.5682,   25,     19
       1625, Winnovation                                                , 127.61,    25.01,      63.31,    0.3687, -0.0669     , 0.81      ,       30.93,        31.57,   39.17,   0.561 ,   23,     18
       3173, IgKnighters                                                , 123.29,    23.68,      77.73,    0.6444, -0.1685     , 8.52      ,       37.56,        31.64,   22.0 ,   0.5714,   20,     15
       2199, Robo-Lions                                                 ,  98.79,    17.29,      48.73,    0.1893, -0.028      , -0.34     ,       24.55,        24.52,   32.67,   0.6842,   39,     18
       8724, Mayhem                                                     , 101.24,    16.89,      54.46,    0.0324, 0.0234      , 3.87      ,       27.09,        23.51,   30.02,   0.6111,   33,     21
       2075, Enigma Robotics                                            , 144.07,    28.27,      72.17,    0.4213, 0.1132      , 3.66      ,       29.66,        38.85,   43.91,   0.6833,   41,     19
       4488, Shockwave                                                  , 122.12,    23.9 ,      68.34,    0.3007, 0.1994      , 4.97      ,       32.84,        30.54,   30.3 ,   0.5532,   26,     21
      10633, BeeBotics                                                  , 119.68,    20.09,      73.98,    0.2754, 0.1223      , 5.33      ,       38.98,        29.67,   25.19,   0.6379,   37,     21
       8884, Knight Owls                                                , 122.86,    33.1 ,      67.46,    0.4033, 0.0134      , 9.2       ,       30.86,        27.4 ,   22.33,   0.6207,   36,     22
      11019, X.PLORE                                                    ,  95.81,    16.95,      60.27,    0.4188, -0.2045     , 7.56      ,       27.93,        24.78,   18.58,   0.6842,   26,     12
       2883, F.R.E.D (FIRST Robotics Engineering and Design)            , 121.59,    22.03,      68.24,    0.5842, -0.2495     , 8.6       ,       29.77,        29.87,   31.57,   0.6053,   23,     15
         51, Wings of Fire                                              , 135.88,    29.61,      72.86,    0.327 , 0.0497      , 10.97     ,       35.5 ,        26.39,   33.95,   0.5179,   29,     27
        319, Big Bad Bob                                                , 122.22,    15.72,      66.47,    0.4285, 0.0912      , 5.84      ,       28.59,        32.04,   40.48,   0.551 ,   27,     22
        287, Floyd Robotics                                             , 152.1 ,    23.78,      88.42,    0.515 , 0.0031      , 4.72      ,       37.45,        46.25,   39.98,   0.6579,   25,     13
       2079, 4H ALARM Robotics                                          , 121.54,    26.7 ,      68.4 ,    0.2223, 0.1195      , 4.4       ,       37.02,        26.98,   26.72,   0.5652,   26,     20
       2471, Team Mean Machine                                          , 121.97,    41.88,      61.48,    0.2618, 0.1445      , 11.25     ,       32.39,        17.84,   18.11,   0.6042,   29,     19
        234, Cyber Blue                                                 , 121.92,    17.3 ,      68.11,    0.5584, 0.0334      , 3.32      ,       33.57,        31.22,   36.55,   0.5469,   35,     29
       1261, Robo Lions Team1261                                        , 168.98,    27.47,      93.19,    0.2631, 0.018       , 7.3       ,       46.79,        39.09,   48.0 ,   0.5645,   35,     27
       6431, NoktaParantez                                              , 121.66,    14.93,      74.15,    0.7221, -0.0181     , 7.38      ,       40.73,        26.04,   32.97,   0.5889,   26,     18
        930, Mukwonago BEARs                                            , 146.67,    16.84,      82.61,    0.3565, -0.0136     , 3.09      ,       33.97,        45.54,   47.0 ,   0.5821,   39,     28
        868, TechHOUNDS                                                 , 129.06,    23.67,      67.82,    0.5193, -0.0432     , 6.51      ,       32.4 ,        28.91,   37.51,   0.7   ,   49,     21
       3293, OtterBots                                                  , 121.0 ,    25.66,      63.22,    0.5101, -0.2317     , 1.83      ,       33.72,        27.67,   29.33,   0.7667,   23,      7
        888, Robotiators                                                , 121.04,    28.97,      66.23,    0.4066, 0.039       , 6.63      ,       34.51,        25.09,   25.77,   0.6596,   31,     16
       4766, Team SCREAM Jr.                                            , 130.02,    19.96,      71.28,    0.4354, -0.0789     , 5.3       ,       28.71,        37.28,   36.89,   0.65  ,   39,     21
        364, Team Fusion 364                                            , 108.06,    33.16,      59.93,    0.2554, -0.1925     , 7.7       ,       30.43,        21.79,   14.91,   0.5652,   26,     20
       8011, Wayi Guangzhou                                             , 120.53,    28.84,      69.97,    0.5435, 0.0281      , 6.04      ,       30.75,        33.18,   22.1 ,   0.6154,   16,     10
       1714, MORE Robotics                                              , 147.65,    30.03,      79.67,    0.3174, -0.0439     , 6.21      ,       35.49,        37.97,   37.39,   0.6825,   43,     20
       5549, Gryphon Robotics                                           , 150.84,    22.49,      82.33,    0.4108, 0.1916      , 10.39     ,       33.84,        38.1 ,   46.31,   0.678 ,   40,     19
       2724, Avalanche Robotics                                         , 144.76,    29.27,      82.41,    0.3404, -0.0985     , 5.71      ,       38.82,        37.89,   32.86,   0.7213,   44,     17
       6497, Pymble P-Platers                                           , 124.98,    21.16,      72.0 ,    0.4279, -0.186      , 4.12      ,       37.24,        30.63,   31.82,   0.6341,   26,     15
       1089, Team Mercury                                               , 120.29,    20.53,      73.83,    0.4276, 0.0386      , 4.49      ,       39.07,        30.27,   25.95,   0.5111,   23,     22
        122, NASA Knights                                               , 119.08,    21.65,      66.57,    0.2436, 0.0015      , 4.47      ,       32.78,        29.33,   30.75,   0.5208,   25,     23
       7056, The F.A.S.T. Team - Fowlerville Area Scientific Technicians, 118.81,    19.6 ,      66.49,    0.4218, 0.1876      , 5.85      ,       29.62,        31.02,   32.74,   0.5109,   23,     22
       3970, Duncan Dynamics                                            , 119.03,    23.68,      59.25,    0.4129, -0.0332     , 5.92      ,       29.49,        23.84,   36.39,   0.6327,   31,     18
       1676, The Pascack PI-oneers                                      , 122.85,    30.81,      58.68,    0.166 , 0.0855      , 7.89      ,       27.63,        23.16,   32.99,   0.5917,   35,     24
       1507, Warlocks                                                   , 118.35,    17.11,      76.57,    0.6088, -0.1677     , 7.68      ,       35.09,        33.79,   25.27,   0.6452,   20,     11
       7160, Ludington O-Bots                                           , 128.77,    17.76,      70.09,    0.4177, 0.0492      , 4.67      ,       32.91,        32.51,   40.12,   0.6724,   39,     19
       7257, Semiconductors                                             ,  95.25,    21.62,      48.17,    0.2492, -0.2825     , -0.94     ,       25.68,        23.44,   24.94,   0.6316,   24,     14
      10435, IRS - Intelligent Robotic Systems                          , 118.4 ,    15.65,      66.5 ,    0.533 , -0.1709     , 5.47      ,       27.3 ,        33.73,   35.8 ,   0.54  ,   13,     11
      11270, Nova                                                       , 156.53,    36.17,      81.82,    0.2476, 0.1425      , 12.1      ,       35.07,        34.65,   39.02,   0.5645,   35,     27
       3314, Mechanical Mustangs                                        , 129.44,    29.35,      73.62,    0.2801, 0.005       , 15.13     ,       39.45,        19.05,   25.81,   0.7018,   40,     17
       8393, The Giant Diencephalic BrainSTEM Robotics Team             , 123.08,    29.0 ,      54.63,    0.3254, -0.0774     , 3.86      ,       25.75,        25.02,   38.81,   0.475 ,   19,     21
        193, MORT Beta                                                  , 117.49,    14.12,      69.56,    0.3798, 0.0523      , 4.43      ,       30.69,        34.45,   33.71,   0.6304,   29,     17
       4398, Gladiators                                                 , 117.22,    25.11,      59.46,    0.4911, 0.0885      , 4.57      ,       24.8 ,        30.09,   33.23,   0.6458,   31,     17
       1506, Metal Muscle                                               , 163.61,    32.0 ,      87.09,    0.3334, 0.1787      , 12.59     ,       39.69,        34.81,   44.18,   0.5246,   32,     29
       1405, Finney Falcons                                             , 116.95,    13.84,      68.8 ,    0.4901, -0.1524     , 7.58      ,       29.26,        31.96,   34.95,   0.6522,   15,      8
       9452, LHS Steel Stingers                                         , 116.97,    11.64,      69.35,    0.435 , 0.0052      , 7.86      ,       31.31,        30.17,   36.2 ,   0.5652,   26,     20
        424, Rust Belt Robotics                                         , 123.48,    25.87,      57.49,    0.4285, -0.2229     , 0.34      ,       31.5 ,        25.65,   39.99,   0.5882,   20,     14
        876, Thunder Robotics                                           , 117.0 ,    28.89,      67.14,    0.5273, -0.0762     , 3.75      ,       38.81,        24.57,   20.3 ,   0.52  ,   13,     12
       6978, QuickStrike Niagara                                        , 116.12,    19.67,      66.37,    0.3486, -0.0087     , 3.53      ,       30.2 ,        32.64,   30.02,   0.4468,   21,     26
       1684, The Chimeras                                               , 100.17,    14.13,      52.87,    0.1269, -0.048      , 3.79      ,       26.25,        22.83,   33.04,   0.5636,   31,     24
       3966, Gryphon Command                                            , 158.07,    22.63,      98.9 ,    0.3426, -0.1188     , 13.09     ,       48.86,        36.94,   36.49,   0.6375,   25,     14
       7840, EMONER ROBOTICS                                            ,  87.36,    16.99,      49.86,    0.1687, -0.2169     , 3.96      ,       26.2 ,        19.7 ,   20.26,   0.5429,   19,     16
       6517, So-Kno Robo                                                , 149.64,    33.21,      84.34,    0.6627, 0.0149      , 13.31     ,       36.95,        34.08,   31.56,   0.625 ,   25,     15
        971, Spartan Robotics                                           , 195.61,    30.06,     114.04,    0.512 , 0.2691      , 8.32      ,       53.93,        51.78,   51.49,   0.5625,   36,     28
       6237, Martin Motion                                              , 115.8 ,    16.13,      73.26,    0.4867, -0.0048     , 2.02      ,       36.97,        34.27,   26.64,   0.5556,   15,     12
       8706, MXS Bulldog Bots                                           , 115.6 ,    31.44,      52.96,    0.4023, -0.0214     , 0.28      ,       23.29,        29.39,   30.81,   0.5455,   24,     20
        540, TALON 540 Godwin Robotics                                  ,  88.02,    20.01,      39.67,    0.0394, 0.124       , 8.67      ,       13.83,        17.17,   28.49,   0.541 ,   33,     28
       3136, O.R.C.A.                                                   , 115.58,    15.04,      67.19,    0.3088, 0.0024      , 8.92      ,       25.74,        32.53,   33.64,   0.4889,   22,     23
       5913, Patriotics                                                 , 178.73,    36.3 ,     109.38,    0.473 , 0.036       , 15.04     ,       56.4 ,        37.95,   32.49,   0.7234,   34,     13
      10015, Bubbles                                                    ,  87.97,    17.97,      46.0 ,    0.0997, -0.1079     , 8.52      ,       12.7 ,        24.78,   23.87,   0.5517,   32,     26
        324, Chips                                                      , 115.41,    13.76,      70.84,    0.4063, -0.1308     , 4.43      ,       32.8 ,        33.61,   31.4 ,   0.4688,   22,     25
       1671, Buchanan Bird Brains                                       , 120.88,    13.03,      69.42,    0.1404, 0.0457      , 1.36      ,       35.94,        32.12,   38.34,   0.42  ,   21,     29
       1640, Sab-BOT-age                                                , 149.87,    26.36,      82.74,    0.3849, 0.1349      , 9.93      ,       43.02,        29.8 ,   40.35,   0.6167,   37,     23
       6238, Popcorn Penguins                                           , 128.92,    36.56,      66.49,    0.4721, 0.0869      , 9.47      ,       29.15,        27.87,   25.88,   0.6441,   38,     21
       5572, Rosbots                                                    , 129.41,    21.33,      79.24,    0.4713, -0.0408     , 9.13      ,       38.53,        31.58,   28.88,   0.6441,   38,     21
        696, Circuit Breakers                                           , 113.83,    30.47,      54.79,    0.3926, 0.313       , 2.86      ,       25.42,        26.51,   28.76,   0.5652,   26,     20
       7421, PrepaTec - OVERTURE                                        , 122.16,    25.47,      66.43,    0.3093, -0.0964     , 5.51      ,       29.47,        31.45,   30.48,   0.5135,   19,     18
       1305, Ice Cubed                                                  , 113.82,    25.99,      57.95,    0.3648, -0.0333     , 3.42      ,       34.04,        20.5 ,   28.6 ,   0.5417,   26,     22
       3132, Thunder Down Under                                         , 114.05,    17.3 ,      69.34,    0.6165, -0.1159     , 5.6       ,       32.08,        31.66,   26.97,   0.7857,   11,      3
       8119, TigerBotics                                                , 136.22,    18.28,      71.64,    0.1994, 0.068       , 14.3      ,       27.8 ,        29.54,   45.29,   0.5273,   29,     26
       1023, Bedford Express                                            , 149.28,    36.75,      86.32,    0.384 , 0.2544      , 14.1      ,       49.94,        22.28,   26.1 ,   0.5776,   33,     24
       2872, CyberCats                                                  , 113.91,    19.09,      70.65,    0.5629, -0.0791     , 6.77      ,       35.59,        28.3 ,   24.19,   0.6957,   16,      7
       2429, The Blockheads                                             ,  94.54,    27.57,      43.87,    0.1257, -0.0706     , 3.14      ,       19.64,        21.08,   22.98,   0.5   ,   26,     26
         16, Bomb Squad                                                 , 106.64,     8.5 ,      63.38,    0.1861, 0.005       , 5.84      ,       30.41,        27.14,   35.21,   0.5375,   21,     18
       6377, Howdy Bots                                                 , 113.5 ,    25.01,      64.76,    0.431 , -0.0822     , 7.02      ,       30.64,        27.1 ,   24.27,   0.5745,   27,     20
       2357, System Meltdown                                            , 100.44,    22.42,      55.89,    0.2652, -0.2338     , 2.81      ,       27.3 ,        25.78,   22.43,   0.5   ,   19,     19
       6500, GearCats                                                   , 113.71,    19.65,      70.22,    0.2517, -0.12       , 7.31      ,       31.18,        31.74,   24.15,   0.6471,   33,     18
       3506, YETI Robotics                                              , 101.0 ,    22.77,      44.52,    0.3169, -0.1673     , 5.05      ,       18.89,        20.58,   33.71,   0.7391,   51,     18
       8839, Shoshone Robotics                                          , 113.0 ,    20.23,      70.23,    0.3944, -0.1442     , 6.29      ,       39.09,        24.86,   22.2 ,   0.5385,    7,      6
       4188, Columbus Space Program                                     , 129.28,    20.71,      69.24,    0.2061, 0.0004      , 8.31      ,       33.15,        27.77,   39.45,   0.8033,   49,     12
       7444, MOON STAR ROBOTICS                                         , 112.72,    26.83,      65.05,    0.4643, -0.1141     , 1.71      ,       37.9 ,        25.45,   20.86,   0.75  ,    9,      3
      10554, Team VIPER                                                 , 112.47,    16.13,      62.25,    0.1815, 0.0484      , 9.34      ,       28.96,        23.94,   33.53,   0.5111,   23,     22
       4122, Ossining OBOTS                                             , 126.77,    26.46,      63.93,    0.3727, -0.0477     , 7.98      ,       31.38,        24.57,   35.88,   0.6122,   30,     19
       4123, Tribe Robotics                                             , 112.63,    27.3 ,      56.87,    0.3719, -0.0936     , 2.57      ,       31.17,        23.13,   28.52,   0.6739,   31,     15
       4063, TriKzR4Kidz                                                , 112.62,    20.9 ,      60.04,    0.4725, 0.0028      , 5.63      ,       31.23,        23.17,   30.11,   0.5435,   25,     21
       4467, Titanium Titans                                            , 112.28,    15.51,      62.8 ,    0.454 , 0.0617      , 4.37      ,       30.06,        28.37,   34.37,   0.5238,   11,     10
       8013, Boston Lions                                               , 112.45,    24.1 ,      65.5 ,    0.2945, 0.1152      , 8.51      ,       34.86,        22.13,   19.66,   0.5625,   27,     21
       4152, Hoya Robotics                                              , 111.75,    16.77,      70.87,    0.3555, -0.0597     , 5.32      ,       40.89,        24.65,   23.99,   0.5938,   28,     19
       3986, Express-O                                                  , 111.87,    22.44,      63.29,    0.5229, -0.2266     , 0.38      ,       30.79,        32.12,   26.34,   0.6111,   11,      7
       4607, C.I.S.                                                     , 120.86,    28.05,      64.77,    0.2171, -0.1971     , 9.52      ,       25.88,        29.36,   28.72,   0.5   ,   16,     16
       5740, Trojanators                                                , 111.42,    23.45,      60.7 ,    0.5001, -0.2322     , 1.69      ,       29.47,        29.54,   27.15,   0.56  ,   14,     11
       8858, Beast from the East                                        , 123.9 ,    17.13,      75.51,    0.3976, -0.0763     , 3.59      ,       32.92,        39.0 ,   30.6 ,   0.5965,   34,     23
      10079, Arrowdynamics                                              , 111.4 ,    28.39,      54.79,    0.6262, 0.0655      , 0.44      ,       27.85,        26.49,   27.48,   0.5532,   26,     21
       6721, Tindley Trailblazers                                       , 111.42,    24.46,      63.76,    0.3447, -0.0578     , 8.54      ,       28.63,        26.6 ,   23.23,   0.4783,   22,     24
       5829, Awtybots                                                   , 104.63,    17.56,      59.97,    0.056 , -0.138      , 7.55      ,       29.75,        22.66,   27.86,   0.5738,   35,     26
       3494, The Quadrangles                                            , 132.26,    33.84,      66.11,    0.2051, -0.0783     , 2.81      ,       30.02,        33.28,   31.23,   0.5714,   32,     24
       8744, Leviathans                                                 , 110.92,    18.54,      60.82,    0.3644, -0.1195     , 5.72      ,       31.32,        23.78,   31.28,   0.5745,   27,     20
       5422, Stormgears                                                 , 110.53,    16.24,      64.06,    0.2319, 0.0912      , 3.91      ,       31.79,        28.36,   30.42,   0.4884,   21,     22
       2135, Presentation Invasion                                      , 109.95,    17.86,      57.52,    0.4814, 0.0019      , 0.67      ,       28.25,        28.61,   34.19,   0.5357,   22,     19
       8085, MOJO                                                       , 110.01,    21.18,      62.98,    0.4503, -0.1176     , 3.71      ,       31.34,        27.93,   26.71,   0.5116,   22,     21
       6615, Bellevillains                                              , 129.46,    25.29,      65.37,    0.461 , -0.0594     , 2.38      ,       36.9 ,        26.09,   37.95,   0.6271,   37,     22
       3572, Wavelength                                                 , 148.48,    27.32,      72.35,    0.3146, 0.0247      , 5.0       ,       28.06,        39.28,   48.7 ,   0.5877,   33,     23
       5427, Steel Talons                                               , 109.98,    20.51,      60.39,    0.2859, -0.1419     , 8.35      ,       25.16,        26.88,   29.54,   0.5   ,   24,     24
       1025, Impi Warriors                                              , 110.01,    14.18,      66.52,    0.4446, -0.0488     , 3.43      ,       32.43,        30.65,   30.28,   0.5349,   23,     20
        829, The Digital Goats                                          , 110.24,    22.39,      61.79,    0.4875, 0.1332      , 5.05      ,       29.28,        27.46,   26.97,   0.5111,   23,     22
        457, ⚙️ The Grease Monkeys ⚙️                                     , 109.93,    16.46,      65.86,    0.4086, -0.0184     , 5.74      ,       33.73,        26.39,   28.3 ,   0.5341,   23,     20
       8280, K9.0 Robotics                                              ,  81.64,     9.09,      48.6 ,    0.2684, -0.0933     , -2.68     ,       28.01,        23.26,   23.01,   0.625 ,   40,     24
        418, Purple Haze                                                , 109.78,    24.77,      61.88,    0.5124, -0.0675     , 4.82      ,       35.72,        21.34,   23.58,   0.5208,   25,     23
         45, TechnoKats Robotics Team                                   , 109.65,    12.65,      70.51,    0.2766, -0.0506     , 5.52      ,       34.0 ,        30.98,   26.9 ,   0.5417,   26,     22
       6429, 4th Dimension                                              ,  80.86,    17.72,      45.35,    0.103 , -0.0805     , 2.23      ,       26.22,        16.89,   18.25,   0.5   ,   11,     11
       9450, Velocity Raptors                                           ,  93.81,    21.45,      51.79,    0.2089, -0.1808     , -1.21     ,       20.59,        32.42,   19.74,   0.5323,   33,     29
      10385, Cycle-Breakers                                             , 108.85,    17.22,      62.64,    0.3498, -0.126      , 5.21      ,       27.4 ,        30.03,   28.26,   0.5   ,   23,     23
       8255, Robodogs                                                   , 109.13,    20.68,      60.34,    0.5676, -0.2313     , 1.67      ,       29.84,        28.84,   28.15,   0.5217,   12,     11
         95, Grasshoppers                                               , 109.03,    22.63,      61.96,    0.5022, -0.0914     , 5.05      ,       31.93,        24.98,   23.67,   0.6667,   32,     16
       2584, Flame of The West                                          , 109.3 ,    19.5 ,      64.62,    0.3523, 0.0482      , 4.5       ,       31.93,        28.18,   24.71,   0.55  ,   22,     18
       7563, SESI SENAI MEGAZORD                                        , 120.66,    22.96,      62.79,    0.3312, -0.2191     , 4.92      ,       27.86,        30.01,   34.13,   0.8158,   31,      7
       2399, The Fighting Unicorns                                      , 120.11,    20.78,      66.81,    0.4816, -0.1466     , 4.37      ,       32.78,        29.65,   32.73,   0.6   ,   24,     16
       2373, The Crickets                                               , 108.63,    15.8 ,      65.15,    0.4165, 0.0664      , 2.91      ,       37.03,        25.21,   27.89,   0.5   ,   13,     13
       6366, RAM Rodz Robotics                                          , 130.77,    22.39,      81.32,    0.2417, -0.1008     , 5.59      ,       38.28,        37.45,   27.3 ,   0.6393,   39,     22
       4450, Olympia Robotics Federation                                , 135.89,    24.06,      67.95,    0.2637, 0.1304      , 4.19      ,       29.26,        34.5 ,   44.42,   0.434 ,   23,     30
        987, HIGHROLLERS                                                , 160.62,    27.67,      90.59,    0.3634, -0.0585     , 10.36     ,       36.35,        43.88,   41.07,   0.5676,   21,     16
        744, Shark Attack                                               , 108.55,    12.31,      67.25,    0.5531, -0.0953     , 0.83      ,       33.27,        33.15,   28.81,   0.5455,   18,     15
       9301, PrepaTec - MechRams                                        , 108.06,    12.75,      68.61,    0.6535, -0.1755     , 1.05      ,       32.05,        35.51,   26.15,   0.5926,   16,     11
       8841, OTTER                                                      , 107.92,    16.27,      66.82,    0.5707, -0.1636     , 3.77      ,       32.89,        30.15,   25.81,   0.6731,   17,      8
       5409, Chargers                                                   , 107.86,    30.44,      52.45,    0.3289, 0.0029      , 8.08      ,       25.29,        19.08,   25.09,   0.5111,   23,     22
       8576, Golden Warriors Robotics                                   , 108.14,    16.43,      66.12,    0.4052, -0.0708     , 2.44      ,       37.56,        26.13,   26.14,   0.587 ,   27,     19
        386, Team Voltage                                               , 111.04,    17.94,      60.49,    0.2995, -0.202      , 6.3       ,       23.55,        30.65,   32.02,   0.4286,   15,     20
       5046, Jacked Up Jackets                                          , 107.96,    19.66,      59.71,    0.4411, -0.1346     , 0.77      ,       25.41,        33.53,   29.07,   0.6047,   26,     17
        840, Aragon Robotics Team                                       , 108.21,    17.73,      55.7 ,    0.3233, 0.0609      , 0.86      ,       26.77,        28.07,   34.96,   0.5581,   24,     19
       6487, Clockwork Knights                                          , 100.78,    18.62,      58.43,    0.2339, -0.2312     , 7.95      ,       27.88,        22.6 ,   23.0 ,   0.5571,   19,     15
       8005, Mega MeadowBots                                            , 125.7 ,    28.73,      74.16,    0.3957, -0.1098     , 7.8       ,       29.79,        36.57,   22.75,   0.6066,   37,     24
       3175, Knight Vision                                              , 123.14,    23.33,      68.05,    0.4178, -0.0233     , 5.43      ,       40.09,        22.53,   31.43,   0.5789,   33,     24
        188, Blizzard                                                   , 124.35,    18.33,      70.63,    0.1848, 0.0265      , 4.4       ,       27.34,        38.89,   36.09,   0.5833,   35,     25
       4392, The Deceivers                                              , 106.77,    19.66,      55.53,    0.3234, 0.0585      , 2.54      ,       25.82,        27.16,   31.61,   0.5455,   24,     20
       8592, Newton Squared                                             , 107.15,    15.36,      65.17,    0.3206, 0.0016      , 8.09      ,       28.47,        28.61,   26.58,   0.5556,   25,     20
       6574, Ferradermis                                                , 106.51,    24.69,      61.55,    0.3616, 0.0101      , 9.09      ,       25.9 ,        26.57,   20.81,   0.5455,   24,     20
        247, Da Bears                                                   , 106.14,    12.33,      56.93,    0.4821, -0.033      , 5.28      ,       24.86,        26.79,   36.6 ,   0.4889,   22,     23
       8429, Valence Robotics                                           , 115.96,    22.17,      56.73,    0.2497, -0.1871     , 4.31      ,       28.94,        23.48,   37.05,   0.5703,   36,     27
       1533, Triple Strange                                             ,  59.15,    17.88,      24.52,    0.1796, -0.2344     , -1.36     ,        9.63,        16.25,   16.44,   0.5172,   30,     28
